﻿<?xml version="1.0" encoding="utf-8"?>
<!--
	This file is part of MKMTool

    MKMTool is free software: you can redistribute it and/or modify
    it under the terms of the GNU General Public License as published by
    the Free Software Foundation, either version 3 of the License, or
    (at your option) any later version.

    MKMTool is distributed in the hope that it will be useful,
    but WITHOUT ANY WARRANTY; without even the implied warranty of
    MERCHANTABILITY or FITNESS FOR A PARTICULAR PURPOSE.  See the
    GNU General Public License for more details.

    You should have received a copy of the GNU General Public License
    along with MKMTool.  If not, see <http://www.gnu.org/licenses/>.

    Diese Datei ist Teil von MKMTool.

    MKMTool ist Freie Software: Sie können es unter den Bedingungen
    der GNU General Public License, wie von der Free Software Foundation,
    Version 3 der Lizenz oder (nach Ihrer Wahl) jeder späteren
    veröffentlichten Version, weiterverbreiten und/oder modifizieren.

    MKMTool wird in der Hoffnung, dass es nützlich sein wird, aber
    OHNE JEDE GEWÄHRLEISTUNG, bereitgestellt; sogar ohne die implizite
    Gewährleistung der MARKTFÄHIGKEIT oder EIGNUNG FÜR EINEN BESTIMMTEN ZWECK.
    Siehe die GNU General Public License für weitere Details.

    Sie sollten eine Kopie der GNU General Public License zusammen mit diesem
    Programm erhalten haben. Wenn nicht, siehe <http://www.gnu.org/licenses/>.
-->
<config>
  <settings>
    <!--true or false. see documentation for details-->
    <UseStockGetFile>false</UseStockGetFile>
    <!--database will be loaded only for cards from the specified games. if UseStockGetFile is true, only cards from those games will be processed-->
    <!--uncomment the ones you want, comment the ones you don't want, keep the ; at the ends-->
    <!--if a card from a different game is encountered, it might be processed incorrectly or not at all -->
    <!--the more games you select, the slower will processing be (even if you actually don't have any cards from that game), so keep it to minimum -->
    <Games>
      Magic the Gathering;
      <!-- World of Warcraft TCG; -->
      <!-- Yugioh; -->
      <!-- The Spoils; -->
      <!-- Pokémon; -->
      <!-- Force of Will; -->
      <!-- Cardfight!! Vanguard; -->
      <!-- Final Fantasy; -->
      <!-- Weiß Schwarz; -->
      <!-- Dragoborne; -->
      <!-- My Little Pony; -->
      <!-- Dragon Ball Super; -->
    </Games>
    <!--separator for columns for exported CSVs, should be ; or , use anything else at your own risk-->
    <CSVExportSeparator>,</CSVExportSeparator>
    <!--for pretending you are from somewhere else, leave it empty to have it read from MKM. Use D for Germany, otherwise codes from here:https://en.wikipedia.org/wiki/ISO_3166-1_alpha-2 -->
    <MyCountryCode></MyCountryCode>
  </settings>
  <appToken>ENTER_YOUR_APP_TOKEN_INSTEAD_OF_THIS_TEXT</appToken>
  <appSecret>ENTER_YOUR_APP_SECRET_INSTEAD_OF_THIS_TEXT</appSecret>
  <accessToken>ENTER_YOUR_ACCESS_TOKEN_INSTEAD_OF_THIS_TEXT</accessToken>
  <accessSecret>ENTER_YOUR_ACCESS_SECRET_INSTEAD_OF_THIS_TEXT</accessSecret>
</config>