﻿<?xml version="1.0" encoding="utf-8"?>
<!--
	This file is part of MKMTool

    MKMTool is free software: you can redistribute it and/or modify
    it under the terms of the GNU General Public License as published by
    the Free Software Foundation, either version 3 of the License, or
    (at your option) any later version.

    MKMTool is distributed in the hope that it will be useful,
    but WITHOUT ANY WARRANTY; without even the implied warranty of
    MERCHANTABILITY or FITNESS FOR A PARTICULAR PURPOSE.  See the
    GNU General Public License for more details.

    You should have received a copy of the GNU General Public License
    along with MKMTool.  If not, see <http://www.gnu.org/licenses/>.

    Diese Datei ist Teil von MKMTool.

    MKMTool ist Freie Software: Sie können es unter den Bedingungen
    der GNU General Public License, wie von der Free Software Foundation,
    Version 3 der Lizenz oder (nach Ihrer Wahl) jeder späteren
    veröffentlichten Version, weiterverbreiten und/oder modifizieren.

    MKMTool wird in der Hoffnung, dass es nützlich sein wird, aber
    OHNE JEDE GEWÄHRLEISTUNG, bereitgestellt; sogar ohne die implizite
    Gewährleistung der MARKTFÄHIGKEIT oder EIGNUNG FÜR EINEN BESTIMMTEN ZWECK.
    Siehe die GNU General Public License für weitere Details.

    Sie sollten eine Kopie der GNU General Public License zusammen mit diesem
    Programm erhalten haben. Wenn nicht, siehe <http://www.gnu.org/licenses/>.
-->
<config>
  <settings>
    <!--true or false. see documentation for details-->
    <UseStockGetFile>false</UseStockGetFile>
    <!--only relevant if UseStockGetFile is true. 1 for MtG, 2 World of Warcraft, 3 Yu-Gi-Oh, experiment to get the rest -->
    <idGame>1</idGame>
    <!--separator for columns for exported CSVs, should be ; or , use anything else at your own risk-->
    <CSVExportSeparator>,</CSVExportSeparator>
    <!--for pretending you are from somewhere else, leave it empty to have it read from MKM. Use D for Germany, otherwise codes from here:https://en.wikipedia.org/wiki/ISO_3166-1_alpha-2 -->
    <MyCountryCode></MyCountryCode>
  </settings>
  <appToken>ENTER_YOUR_APP_TOKEN_INSTEAD_OF_THIS_TEXT</appToken>
  <appSecret>ENTER_YOUR_APP_SECRET_INSTEAD_OF_THIS_TEXT</appSecret>
  <accessToken>ENTER_YOUR_ACCESS_TOKEN_INSTEAD_OF_THIS_TEXT</accessToken>
  <accessSecret>ENTER_YOUR_ACCESS_SECRET_INSTEAD_OF_THIS_TEXT</accessSecret>
</config>