"idExpansion","abbreviation","enName","releaseDate"
"1407","MTGP","Magic the Gathering Products","1900-01-01T00:00:00+0100"
"1408","MGFC","Filler Cards","1900-01-01T00:00:00+0100"
"1249","PROM","Promos","1993-01-01T00:00:00+0100"
"1281","YMGT","Your Move Games Tokens","1993-01-01T00:00:00+0100"
"1438","SCT2","Starcity Games: Justin Treadway Tokens","1993-01-01T00:00:00+0100"
"1499","MKMT","Custom Tokens","1993-01-01T00:00:00+0100"
"1500","SCT3","Starcity Games: Commemorative Tokens","1993-01-01T00:00:00+0100"
"1501","SCCC","Starcity Games: Creature Collection","1993-01-01T00:00:00+0100"
"1502","MSTK","Tokens for MTG","1993-01-01T00:00:00+0100"
"1511","TMP","Tierra Media Tokens","1993-01-01T00:00:00+0100"
"1512","SCT4","Starcity Games: Kristen Plescow Tokens","1993-01-01T00:00:00+0100"
"1514","SCT1","Starcity Games: Token Series One","1993-01-01T00:00:00+0100"
"1515","TOKY","TokyoMTG Products","1993-01-01T00:00:00+0100"
"1594","LET","League Promos","1993-01-01T00:00:00+0100"
"1642","GETC","GamingEtc Tokens","1993-01-01T00:00:00+0100"
"1659","YUM","Yummy Tokens","1993-01-01T00:00:00+0100"
"1691","GnDT","GnD Cards","1993-01-01T00:00:00+0100"
"1705","JAT","Javi Alterations Tokens","1993-01-01T00:00:00+0100"
"1765","MFMT","Mezzocielo & Friends Mini Tokens","1993-01-01T00:00:00+0100"
"1809","SSP","Standard Series Promos","1993-01-01T00:00:00+0100"
"1833","RKP","Rk post Products","1993-01-01T00:00:00+0100"
"1834","MFCT","Mezzocielo & Friends Classic Tokens","1993-01-01T00:00:00+0100"
"2114","JVT","Johannes Voss Tokens","1993-01-01T00:00:00+0100"
"2360","OST","Old School Tokens","1993-01-01T00:00:00+0100"
"2417","HTR","Heroes of the Realm Promos","1993-01-01T00:00:00+0100"
"2457","MPT","Mark Poole Tokens","1993-01-01T00:00:00+0100"
"2517","TOK1","Aaron Miller Tokens","1993-01-01T00:00:00+0100"
"2520","TOK2","ALRadeck Tokens","1993-01-01T00:00:00+0100"
"2523","TOK3","Angelarium Tokens","1993-01-01T00:00:00+0100"
"2526","TOK4","Cardamajigs Tokens","1993-01-01T00:00:00+0100"
"2529","TOK5","Cats & Cantrips Tokens","1993-01-01T00:00:00+0100"
"2532","TOK6","Durdling Around Tokens","1993-01-01T00:00:00+0100"
"2552","TOK7","Givememana's Tokens","1993-01-01T00:00:00+0100"
"2557","TOK8","Human for Scale Tokens","1993-01-01T00:00:00+0100"
"2562","TOK9","Jason Engle Tokens","1993-01-01T00:00:00+0100"
"2567","TOK10","Tokens of Spirit","1993-01-01T00:00:00+0100"
"2572","TOK11","Classic Art Tokens","1993-01-01T00:00:00+0100"
"2956","CGT","Card Game Tokens","1993-01-01T00:00:00+0100"
"3043","AAT","Amaranth Alchemy Tokens","1993-01-01T00:00:00+0100"
"3344","TOK12","Anthony Christou Tokens","1993-01-01T00:00:00+0100"
"3349","TOK13","Andrew Thompson Tokens","1993-01-01T00:00:00+0100"
"1","LEA","Alpha","1993-08-01T00:00:00+0200"
"2","LEB","Beta","1993-10-01T00:00:00+0100"
"3","2ED","Unlimited","1993-12-01T00:00:00+0100"
"61","CED","Collectors' Edition","1993-12-10T00:00:00+0100"
"77","IED","International Edition","1993-12-10T00:00:00+0100"
"4","ARN","Arabian Nights","1993-12-17T00:00:00+0100"
"93","TDP","The Duelist Promos","1994-01-01T00:00:00+0100"
"117","ARBI","Armada Comics","1994-01-01T00:00:00+0100"
"1367","MSPR","Misprints","1994-01-01T00:00:00+0100"
"5","ATQ","Antiquities","1994-03-01T00:00:00+0100"
"6","3ED","Revised","1994-04-01T00:00:00+0200"
"57","DTL","Foreign Black Bordered","1994-04-01T00:00:00+0200"
"7","LEG","Legends","1994-06-01T00:00:00+0200"
"76","SUM","Summer Magic","1994-07-01T00:00:00+0200"
"8","DRK","The Dark","1994-08-01T00:00:00+0200"
"71","HPP","Harper Prism Promos","1994-09-01T00:00:00+0200"
"9","FEM","Fallen Empires","1994-11-01T00:00:00+0100"
"1638","FEWM","Fallen Empires: Wyvern Misprints","1994-11-01T00:00:00+0100"
"73","DTU","Foreign White Bordered","1995-01-01T00:00:00+0100"
"1837","DKIT","The Dark Italian","1995-01-01T00:00:00+0100"
"1838","LEIT","Legends Italian","1995-01-01T00:00:00+0100"
"10","4ED","Fourth Edition","1995-04-01T00:00:00+0200"
"1332","4EBB","Fourth Edition: Black Bordered","1995-04-01T00:00:00+0200"
"1600","4EAT","Fourth Edition: Alternate","1995-04-01T00:00:00+0200"
"11","ICE","Ice Age","1995-06-01T00:00:00+0200"
"60","RE","Renaissance","1995-07-01T00:00:00+0200"
"96","RI","Rinascimento","1995-07-01T00:00:00+0200"
"12","CHR","Chronicles","1995-09-01T00:00:00+0200"
"1599","CHRJP","Chronicles: Japanese","1995-09-01T00:00:00+0200"
"14","HML","Homelands","1995-11-01T00:00:00+0100"
"85","IBS","Introductory Two-Player Set","1996-01-01T00:00:00+0100"
"1451","UPPC","Ultra-Pro Puzzle Cards","1996-01-01T00:00:00+0100"
"15","ALL","Alliances","1996-06-01T00:00:00+0200"
"89","ALP","Arena League Promos","1996-07-01T00:00:00+0200"
"16","MIR","Mirage","1996-10-01T00:00:00+0200"
"1519","MUL","Multiverse Gift Box","1996-11-01T00:00:00+0100"
"121","WCD1","Pro Tour 1996: Bertrand Lestree","1996-12-01T00:00:00+0100"
"122","WCD2","Pro Tour 1996: Eric Tam","1996-12-01T00:00:00+0100"
"123","WCD3","Pro Tour 1996: George Baxter","1996-12-01T00:00:00+0100"
"124","WCD4","Pro Tour 1996: Leon Lindback","1996-12-01T00:00:00+0100"
"125","WCD5","Pro Tour 1996: Mark Justice","1996-12-01T00:00:00+0100"
"126","WCD6","Pro Tour 1996: Michael Locanto","1996-12-01T00:00:00+0100"
"127","WCD7","Pro Tour 1996: Preston Poulter","1996-12-01T00:00:00+0100"
"128","WCD8","Pro Tour 1996: Shawn Regnier","1996-12-01T00:00:00+0100"
"25","POR","Portal","1997-01-01T00:00:00+0100"
"110","OS69","Oversized 6x9 Promos","1997-01-01T00:00:00+0100"
"1639","OS912","Oversized 9x12 Promos","1997-01-01T00:00:00+0100"
"17","VIS","Visions","1997-02-01T00:00:00+0100"
"23","5ED","Fifth Edition","1997-03-01T00:00:00+0100"
"18","WTH","Weatherlight","1997-06-01T00:00:00+0200"
"69","VG","Vanguard","1997-07-01T00:00:00+0200"
"19","TP","Tempest","1997-10-01T00:00:00+0200"
"83","GDC","Prerelease Promos","1997-10-01T00:00:00+0200"
"97","APL","APAC Lands","1997-10-01T00:00:00+0200"
"1199","WCD9","WCD 1997: Jakub Slemr","1997-12-01T00:00:00+0100"
"1200","WCD10","WCD 1997: Janosch Kuhn","1997-12-01T00:00:00+0100"
"1292","WCD11","WCD 1997: Paul McCabe","1997-12-01T00:00:00+0100"
"1293","WCD12","WCD 1997: Svend Geertsen","1997-12-01T00:00:00+0100"
"20","STH","Stronghold","1998-03-01T00:00:00+0100"
"21","EXO","Exodus","1998-06-15T00:00:00+0200"
"24","P02","Portal Second Age","1998-06-24T00:00:00+0200"
"22","UGL","Unglued","1998-08-01T00:00:00+0200"
"26","USG","Urza's Saga","1998-10-01T00:00:00+0200"
"75","ATH","Anthologies","1998-11-01T00:00:00+0100"
"1401","SCAA","Simplified Chinese Alternate Art Cards","1998-11-01T00:00:00+0100"
"1294","WCD13","WCD 1998: Randy Buehler","1998-12-01T00:00:00+0100"
"1295","WCD14","WCD 1998: Brian Hacker","1998-12-01T00:00:00+0100"
"1296","WCD15","WCD 1998: Ben Rubin","1998-12-01T00:00:00+0100"
"1297","WCD16","WCD 1998: Brian Selden","1998-12-01T00:00:00+0100"
"27","ULG","Urza's Legacy","1999-02-01T00:00:00+0100"
"29","6ED","Sixth Edition","1999-04-01T00:00:00+0200"
"28","UDS","Urza's Destiny","1999-06-01T00:00:00+0200"
"80","JR","Judge Rewards Promos","1999-06-01T00:00:00+0200"
"63","S99","Starter 1999","1999-07-01T00:00:00+0200"
"88","GUL","Guru Lands","1999-07-01T00:00:00+0200"
"30","PTK","Portal Three Kingdoms","1999-07-06T00:00:00+0200"
"31","MMQ","Mercadian Masques","1999-10-01T00:00:00+0200"
"64","BRB","Battle Royale","1999-11-01T00:00:00+0100"
"86","JSS","Junior Super Series Promos","1999-12-01T00:00:00+0100"
"1298","WCD17","WCD 1999: Jakub Šlemr","1999-12-01T00:00:00+0100"
"1299","WCD18","WCD 1999: Matt Linde","1999-12-01T00:00:00+0100"
"1300","WCD19","WCD 1999: Mark Le Pine","1999-12-01T00:00:00+0100"
"1301","WCD20","WCD 1999: Kai Budde","1999-12-01T00:00:00+0100"
"66","DCI","DCI Promos","2000-01-01T00:00:00+0100"
"129","TDPR","TopDeck Promos","2000-01-01T00:00:00+0100"
"1595","GPPR","Grand Prix Promos","2000-01-01T00:00:00+0100"
"1596","PTPR","Pro Tour Promos","2000-01-01T00:00:00+0100"
"32","NEM","Nemesis","2000-02-01T00:00:00+0100"
"72","FNM","Friday Night Magic Promos","2000-02-01T00:00:00+0100"
"81","EL","Euro Lands","2000-02-01T00:00:00+0100"
"33","PCY","Prophecy","2000-06-01T00:00:00+0200"
"65","S00","Starter 2000","2000-07-01T00:00:00+0200"
"34","INV","Invasion","2000-10-01T00:00:00+0200"
"62","BTD","Beatdown","2000-12-01T00:00:00+0100"
"1302","WCD21","WCD 2000: Nicolas Labarre","2000-12-01T00:00:00+0100"
"1303","WCD22","WCD 2000: Tom Van de Logt","2000-12-01T00:00:00+0100"
"1304","WCD23","WCD 2000: Janosch Kühn","2000-12-01T00:00:00+0100"
"1305","WCD24","WCD 2000: Jon Finkel","2000-12-01T00:00:00+0100"
"1342","CDZP","CardZ Promos","2001-01-01T00:00:00+0100"
"35","PLS","Planeshift","2001-02-01T00:00:00+0100"
"37","7ED","Seventh Edition","2001-04-01T00:00:00+0200"
"79","MPR","Player Rewards Promos","2001-05-01T00:00:00+0200"
"36","APC","Apocalypse","2001-06-01T00:00:00+0200"
"38","ODY","Odyssey","2001-10-01T00:00:00+0200"
"67","DKM","Deckmasters","2001-12-01T00:00:00+0100"
"1306","WCD25","WCD 2001: Jan Tomcani","2001-12-01T00:00:00+0100"
"1307","WCD26","WCD 2001: Antoine Ruel","2001-12-01T00:00:00+0100"
"1308","WCD27","WCD 2001: Alex Borteh","2001-12-01T00:00:00+0100"
"1309","WCD28","WCD 2001: Tom van de Logt","2001-12-01T00:00:00+0100"
"1328","JH02","JingHe Age: 2002 Tokens","2002-01-01T00:00:00+0100"
"39","TOR","Torment","2002-02-01T00:00:00+0100"
"40","JUD","Judgment","2002-05-01T00:00:00+0200"
"87","JJT","Japan Junior Tournament Promos","2002-07-01T00:00:00+0200"
"1421","HJCC","Hobby Japan Commemorative Promos","2002-07-01T00:00:00+0200"
"41","ONS","Onslaught","2002-10-01T00:00:00+0200"
"1310","WCD29","WCD 2002: Sim Han How","2002-12-01T00:00:00+0100"
"1311","WCD30","WCD 2002: Raphael Levy","2002-12-01T00:00:00+0100"
"1312","WCD31","WCD 2002: Brian Kibler","2002-12-01T00:00:00+0100"
"1313","WCD32","WCD 2002: Carlos Romao","2002-12-01T00:00:00+0100"
"1329","JH03","JingHe Age: MtG 10th Anniversary Tokens","2003-01-01T00:00:00+0100"
"42","LGN","Legions","2003-02-01T00:00:00+0100"
"43","SCG","Scourge","2003-06-01T00:00:00+0200"
"1210","REL","Release Promos","2003-07-01T00:00:00+0200"
"44","8ED","Eighth Edition","2003-08-01T00:00:00+0200"
"45","MRD","Mirrodin","2003-10-01T00:00:00+0200"
"111","OBT","Oversized Box Toppers","2003-12-01T00:00:00+0100"
"1314","WCD33","WCD 2003: Peer Kröger","2003-12-01T00:00:00+0100"
"1315","WCD34","WCD 2003: Wolfgang Eder","2003-12-01T00:00:00+0100"
"1316","WCD35","WCD 2003: Dave Humpherys","2003-12-01T00:00:00+0100"
"1317","WCD36","WCD 2003: Daniel Zink","2003-12-01T00:00:00+0100"
"46","DST","Darksteel","2004-02-01T00:00:00+0100"
"1361","JSP","Junior Series Promos","2004-05-01T00:00:00+0200"
"47","5DN","Fifth Dawn","2004-06-01T00:00:00+0200"
"48","CHK","Champions of Kamigawa","2004-10-01T00:00:00+0200"
"59","UNH","Unhinged","2004-11-01T00:00:00+0100"
"1318","WCD37","WCD 2004: Gabriel Nassif","2004-12-01T00:00:00+0100"
"1319","WCD38","WCD 2004: Manuel Bevand","2004-12-01T00:00:00+0100"
"1320","WCD39","WCD 2004: Aeo Paquette","2004-12-01T00:00:00+0100"
"1321","WCD40","WCD 2004: Julien Nuijten","2004-12-01T00:00:00+0100"
"1391","PC05","2005 Player Cards","2005-01-01T00:00:00+0100"
"105","SAL","Salvat-Hachette","2005-01-22T00:00:00+0100"
"51","BOK","Betrayers of Kamigawa","2005-02-01T00:00:00+0100"
"50","SOK","Saviors of Kamigawa","2005-06-01T00:00:00+0200"
"49","9ED","Ninth Edition","2005-07-01T00:00:00+0200"
"55","RAV","Ravnica: City of Guilds","2005-10-01T00:00:00+0200"
"78","GW","Gateway Promos","2006-01-01T00:00:00+0100"
"101","MPSP","Magic Premiere Shop Promos","2006-01-01T00:00:00+0100"
"1269","PC06","2006 Player Cards","2006-01-01T00:00:00+0100"
"1432","RSPR","Revista Serra Promos","2006-01-01T00:00:00+0100"
"1586","JAS","Junior APAC Series Promos","2006-01-01T00:00:00+0100"
"54","GPT","Guildpact","2006-02-01T00:00:00+0100"
"53","DIS","Dissension","2006-05-01T00:00:00+0200"
"94","CPR","Champs & States Promos","2006-06-01T00:00:00+0200"
"52","CSP","Coldsnap","2006-07-01T00:00:00+0200"
"82","CSPTD","Coldsnap Theme Decks","2006-07-01T00:00:00+0200"
"56","TSP","Time Spiral","2006-10-01T00:00:00+0200"
"1247","HHPR","Happy Holidays Promos","2006-12-01T00:00:00+0100"
"1360","MSSP","Magic Scholarship Series Promos","2007-01-01T00:00:00+0100"
"1392","PC07","2007 Player Cards","2007-01-01T00:00:00+0100"
"58","PLC","Planar Chaos","2007-02-01T00:00:00+0100"
"70","FUT","Future Sight","2007-05-01T00:00:00+0200"
"74","10E","Tenth Edition","2007-07-01T00:00:00+0200"
"98","RSP","Resale Promos","2007-08-01T00:00:00+0200"
"84","LRW","Lorwyn","2007-10-01T00:00:00+0200"
"91","EVG","Duel Decks: Elves vs. Goblins","2007-11-01T00:00:00+0100"
"92","MOR","Morningtide","2008-02-01T00:00:00+0100"
"95","SHM","Shadowmoor","2008-04-01T00:00:00+0200"
"99","EVE","Eventide","2008-07-01T00:00:00+0200"
"100","DRB","From the Vault: Dragons","2008-09-01T00:00:00+0200"
"102","ALA","Shards of Alara","2008-10-01T00:00:00+0200"
"104","DD2","Duel Decks: Jace vs. Chandra","2008-11-01T00:00:00+0100"
"1597","CNPR","Convention Promos","2009-01-01T00:00:00+0100"
"106","CONF","Conflux","2009-02-01T00:00:00+0100"
"107","DDC","Duel Decks: Divine vs. Demonic","2009-04-01T00:00:00+0200"
"108","ARB","Alara Reborn","2009-05-01T00:00:00+0200"
"1278","DPP","Duels of the Planeswalkers Promos","2009-06-01T00:00:00+0200"
"109","M10","Magic 2010","2009-07-01T00:00:00+0200"
"1198","BABP","Buy a Box Promos","2009-07-01T00:00:00+0200"
"112","V09","From the Vault: Exiled","2009-08-01T00:00:00+0200"
"113","HOP","Planechase","2009-09-01T00:00:00+0200"
"114","ZEN","Zendikar","2009-10-01T00:00:00+0200"
"115","DDD","Duel Decks: Garruk vs. Liliana","2009-11-01T00:00:00+0100"
"1248","DMPR","Dengeki Maoh Promos","2009-11-01T00:00:00+0100"
"116","H09","Premium Deck Series: Slivers","2009-12-01T00:00:00+0100"
"1209","GDP","Game Day Promos","2009-12-01T00:00:00+0100"
"118","WWK","Worldwake","2010-02-01T00:00:00+0100"
"119","DDE","Duel Decks: Phyrexia vs. The Coalition","2010-03-01T00:00:00+0100"
"120","ROE","Rise of the Eldrazi","2010-04-01T00:00:00+0200"
"1193","DPA","Duels of the Planeswalkers Decks","2010-06-01T00:00:00+0200"
"1194","ARC","Archenemy","2010-06-01T00:00:00+0200"
"1197","M11","Magic 2011","2010-07-01T00:00:00+0200"
"1202","V10","From the Vault: Relics","2010-08-01T00:00:00+0200"
"1203","DDF","Duel Decks: Elspeth vs. Tezzeret","2010-09-01T00:00:00+0200"
"1206","SOM","Scars of Mirrodin","2010-10-01T00:00:00+0200"
"1218","PD2","Premium Deck Series: Fire & Lightning","2010-11-01T00:00:00+0100"
"1413","IDW","IDW Promos","2010-12-01T00:00:00+0100"
"1259","SV11","Salvat-Hachette 2011","2011-01-01T00:00:00+0100"
"1643","JPT","Judge Program Tokens","2011-01-01T00:00:00+0100"
"1253","MBS","Mirrodin Besieged","2011-02-01T00:00:00+0100"
"1261","DDG","Duel Decks: Knights vs. Dragons","2011-04-01T00:00:00+0200"
"1262","NPH","New Phyrexia","2011-05-01T00:00:00+0200"
"1273","CMD","Commander","2011-06-01T00:00:00+0200"
"1280","M12","Magic 2012","2011-07-01T00:00:00+0200"
"1286","V11","From the Vault: Legends","2011-08-01T00:00:00+0200"
"1288","DDH","Duel Decks: Ajani vs. Nicol Bolas","2011-09-01T00:00:00+0200"
"1327","ISD","Innistrad","2011-09-01T00:00:00+0200"
"1337","PD3","Premium Deck Series: Graveborn","2011-11-01T00:00:00+0100"
"1345","DKA","Dark Ascension","2012-01-01T00:00:00+0100"
"1350","DDI","Duel Decks: Venser vs. Koth","2012-03-01T00:00:00+0100"
"1358","AVR","Avacyn Restored","2012-05-01T00:00:00+0200"
"1369","PC2","Planechase 2012","2012-06-01T00:00:00+0200"
"1388","M13","Magic 2013","2012-07-01T00:00:00+0200"
"1397","V12","From the Vault: Realms","2012-08-01T00:00:00+0200"
"1398","DDJ","Duel Decks: Izzet vs. Golgari","2012-09-01T00:00:00+0200"
"1389","RTR","Return to Ravnica","2012-10-01T00:00:00+0200"
"1418","CM1","Commander's Arsenal","2012-11-01T00:00:00+0100"
"1424","GTC","Gatecrash","2013-02-01T00:00:00+0100"
"1430","DDK","Duel Decks: Sorin vs. Tibalt","2013-03-01T00:00:00+0100"
"1435","DGM","Dragon's Maze","2013-05-01T00:00:00+0200"
"1444","MMA","Modern Masters","2013-06-01T00:00:00+0200"
"1449","M14","Magic 2014","2013-07-01T00:00:00+0200"
"1454","CC13","San Diego Comic-Con 2013 Promos","2013-07-18T00:00:00+0200"
"1455","V13","From the Vault: Twenty","2013-08-23T00:00:00+0200"
"1456","DDL","Duel Decks: Heroes vs. Monsters","2013-09-06T00:00:00+0200"
"1457","THS","Theros","2013-09-27T00:00:00+0200"
"1464","C13","Commander 2013","2013-11-01T00:00:00+0100"
"1469","BNG","Born of the Gods","2014-02-07T00:00:00+0100"
"1477","DDM","Duel Decks: Jace vs. Vraska","2014-03-14T00:00:00+0100"
"1481","JOU","Journey into Nyx","2014-05-02T00:00:00+0200"
"1484","MD1","Modern Event Deck 2014","2014-05-30T00:00:00+0200"
"1483","CNS","Conspiracy","2014-06-06T00:00:00+0200"
"1485","M15","Magic 2015","2014-07-18T00:00:00+0200"
"1490","CPP","Clash Pack Promos","2014-07-18T00:00:00+0200"
"1491","CC14","San Diego Comic-Con 2014 Promos","2014-07-24T00:00:00+0200"
"1494","V14","From the Vault: Annihilation","2014-08-22T00:00:00+0200"
"1496","DDN","Duel Decks: Speed vs. Cunning","2014-09-05T00:00:00+0200"
"1588","PKTK","Khans of Tarkir: Promos","2014-09-20T00:00:00+0200"
"1495","KTK","Khans of Tarkir","2014-09-26T00:00:00+0200"
"1513","C14","Commander 2014","2014-11-07T00:00:00+0100"
"1509","DD3","Duel Decks: Anthology","2014-12-05T00:00:00+0100"
"1587","UGFP","Ugin's Fate Promos","2015-01-17T00:00:00+0100"
"1589","PFRF","Fate Reforged: Promos","2015-01-17T00:00:00+0100"
"1522","FRF","Fate Reforged","2015-01-23T00:00:00+0100"
"1593","DDO","Duel Decks: Elspeth vs. Kiora","2015-02-27T00:00:00+0100"
"1602","PDTK","Dragons Of Tarkir: Promos","2015-03-21T00:00:00+0100"
"1601","DTK","Dragons of Tarkir","2015-03-27T00:00:00+0100"
"1641","MM2","Modern Masters 2015","2015-05-22T00:00:00+0200"
"1658","CC15","San Diego Comic-Con 2015 Promos","2015-07-09T00:00:00+0200"
"1655","PORI","Magic Origins: Promos","2015-07-11T00:00:00+0200"
"1652","ORI","Magic Origins","2015-07-17T00:00:00+0200"
"1662","MKM1","Cardmarket Tokens","2015-08-01T00:00:00+0200"
"1661","V15","From the Vault: Angels","2015-08-21T00:00:00+0200"
"1665","MKMS","MKM Series","2015-08-25T00:00:00+0200"
"1663","DDP","Duel Decks: Zendikar vs. Eldrazi","2015-08-28T00:00:00+0200"
"1670","PBFZ","Battle for Zendikar: Promos","2015-09-26T00:00:00+0200"
"1668","BFZ","Battle for Zendikar","2015-10-02T00:00:00+0200"
"1669","ZEX","Zendikar Expeditions","2015-10-02T00:00:00+0200"
"1679","C15","Commander 2015","2015-11-13T00:00:00+0100"
"1686","POGW","Oath of the Gatewatch: Promos","2016-01-16T00:00:00+0100"
"1676","OGW","Oath of the Gatewatch","2016-01-22T00:00:00+0100"
"1692","DDQ","Duel Decks: Blessed vs. Cursed","2016-02-26T00:00:00+0100"
"1704","PSOI","Shadows over Innistrad: Promos","2016-04-02T00:00:00+0200"
"1694","SOI","Shadows over Innistrad","2016-04-08T00:00:00+0200"
"1710","W16","Welcome Deck 2016","2016-04-12T00:00:00+0200"
"1696","EMA","Eternal Masters","2016-06-10T00:00:00+0200"
"1723","EMNP","Eldritch Moon: Promos","2016-07-16T00:00:00+0200"
"1695","EMN","Eldritch Moon","2016-07-22T00:00:00+0200"
"1725","CC16","San Diego Comic-Con 2016 Promos","2016-07-25T00:00:00+0200"
"1703","V16","From the Vault: Lore","2016-08-19T00:00:00+0200"
"1702","CN2","Conspiracy: Take the Crown","2016-08-26T00:00:00+0200"
"1720","DDR","Duel Decks: Nissa vs. Ob Nixilis","2016-09-02T00:00:00+0200"
"1726","PKLD","Kaladesh: Promos","2016-09-24T00:00:00+0200"
"1717","KLD","Kaladesh","2016-09-30T00:00:00+0200"
"1733","KLDS","Kaladesh Inventions","2016-09-30T00:00:00+0200"
"1719","C16","Commander 2016","2016-11-11T00:00:00+0100"
"1722","PCA","Planechase Anthology","2016-11-25T00:00:00+0100"
"1750","PAER","Aether Revolt: Promos","2017-01-14T00:00:00+0100"
"1718","AER","Aether Revolt","2017-01-20T00:00:00+0100"
"1727","MM3","Modern Masters 2017","2017-03-17T00:00:00+0100"
"1728","DDS","Duel Decks: Mind vs. Might","2017-03-31T00:00:00+0200"
"1802","W17","Welcome Deck 2017","2017-04-15T00:00:00+0200"
"1803","PAKH","Amonkhet: Promos","2017-04-22T00:00:00+0200"
"1729","AKH","Amonkhet","2017-04-28T00:00:00+0200"
"1798","AKHI","Amonkhet Invocations","2017-04-28T00:00:00+0200"
"1732","CMA","Commander Anthology","2017-06-09T00:00:00+0200"
"1730","E01","Archenemy: Nicol Bolas","2017-06-16T00:00:00+0200"
"1825","PHOU","Hour of Devastation: Promos","2017-07-08T00:00:00+0200"
"1731","HOU","Hour of Devastation","2017-07-14T00:00:00+0200"
"1828","CC17","San Diego Comic-Con 2017 Promos","2017-07-20T00:00:00+0200"
"1813","C17","Commander 2017","2017-08-25T00:00:00+0200"
"1841","H17","Hascon 2017 Promos","2017-09-08T00:00:00+0200"
"1844","OH","Open House Promos","2017-09-16T00:00:00+0200"
"1847","XLNP","Ixalan: Promos","2017-09-23T00:00:00+0200"
"1812","XLN","Ixalan","2017-09-29T00:00:00+0200"
"1836","SSP2","Standard Showdown Promos","2017-10-07T00:00:00+0200"
"1818","DDT","Duel Decks: Merfolk vs. Goblins","2017-11-10T00:00:00+0100"
"1811","IMA","Iconic Masters","2017-11-17T00:00:00+0100"
"1819","V17","From the Vault: Transform","2017-11-24T00:00:00+0100"
"1830","E02","Explorers of Ixalan","2017-11-24T00:00:00+0100"
"1821","UST","Unstable","2017-12-08T00:00:00+0100"
"2023","SCH","Store Championship Promos","2017-12-25T00:00:00+0100"
"2063","RIXP","Rivals of Ixalan: Promos","2018-01-13T00:00:00+0100"
"1829","RIX","Rivals of Ixalan","2018-01-19T00:00:00+0100"
"1820","A25","Masters 25","2018-03-16T00:00:00+0100"
"2068","DDU","Duel Decks: Elves vs. Inventors","2018-04-06T00:00:00+0200"
"2315","PDOM","Dominaria: Promos","2018-04-21T00:00:00+0200"
"1822","DOM","Dominaria","2018-04-27T00:00:00+0200"
"2109","CM2","Commander Anthology II","2018-06-08T00:00:00+0200"
"2111","BBD","Battlebond","2018-06-08T00:00:00+0200"
"2333","PBBD","Battlebond: Promos","2018-06-08T00:00:00+0200"
"2103","SS1","Signature Spellbook: Jace","2018-06-15T00:00:00+0200"
"2108","GS1","Global Series Jiang Yanggu & Mu Yanling","2018-06-22T00:00:00+0200"
"2337","PM19","Core 2019: Promos","2018-07-07T00:00:00+0200"
"1835","M19","Core 2019","2018-07-13T00:00:00+0200"
"2341","CC18","San Diego Comic-Con 2018 Promos","2018-07-18T00:00:00+0200"
"2110","C18","Commander 2018","2018-08-10T00:00:00+0200"
"2371","XGRN","Guilds of Ravnica: Extras","2018-09-29T00:00:00+0200"
"2373","MED","Guilds of Ravnica: Mythic Edition","2018-10-03T00:00:00+0200"
"2348","GRN","Guilds of Ravnica","2018-10-05T00:00:00+0200"
"2379","GK1","Guilds of Ravnica: Guild Kits","2018-11-02T00:00:00+0100"
"2372","PRVW","Weekend Promos","2018-11-09T00:00:00+0100"
"2381","GNT","Magic Game Night","2018-11-16T00:00:00+0100"
"2397","UMA","Ultimate Masters","2018-12-07T00:00:00+0100"
"2398","XUMA","Ultimate Box Toppers","2018-12-07T00:00:00+0100"
"2413","PMF","MagicFest Promos","2019-01-04T00:00:00+0100"
"2419","XRNA","Ravnica Allegiance: Extras","2019-01-19T00:00:00+0100"
"2422","MRNA","Ravnica Allegiance: Mythic Edition","2019-01-24T00:00:00+0100"
"2411","RNA","Ravnica Allegiance","2019-01-25T00:00:00+0100"
"2423","GK2","Ravnica Allegiance: Guild Kits","2019-02-15T00:00:00+0100"
"2439","WAR","War of the Spark","2019-04-27T00:00:00+0200"
"2451","XWAR","War of the Spark: Extras","2019-04-27T00:00:00+0200"
"2461","JWAR","War of the Spark: Japanese Alternate-Art Planeswalkers","2019-04-27T00:00:00+0200"
"2459","MWAR","War of the Spark: Mythic Edition","2019-05-03T00:00:00+0200"
"2440","MH1","Modern Horizons","2019-06-14T00:00:00+0200"
"2484","XMH1","Modern Horizons: Art Series","2019-06-14T00:00:00+0200"
"2460","SS2","Signature Spellbook: Gideon","2019-06-28T00:00:00+0200"
"2490","XM20","Core 2020: Extras","2019-06-29T00:00:00+0200"
"2447","M20","Core 2020","2019-07-12T00:00:00+0200"
"2511","CC19","San Diego Comic-Con 2019 Promos","2019-07-18T00:00:00+0200"
"2448","C19","Commander 2019","2019-08-23T00:00:00+0200"
"2694","PELD","Throne of Eldraine: Promos","2019-09-27T00:00:00+0200"
"2582","ELD","Throne of Eldraine","2019-10-04T00:00:00+0200"
"2587","XELD","Throne of Eldraine: Extras","2019-10-04T00:00:00+0200"
"2699","PTG","Ponies: The Galloping","2019-10-22T00:00:00+0200"
"2869","MYSPT","Mystery Booster: Playtest Cards","2019-11-07T00:00:00+0100"
"2874","MYS","Mystery Booster","2019-11-07T00:00:00+0100"
"2804","GN2","Game Night 2019","2019-11-15T00:00:00+0100"
"2901","SLD","Secret Lair Drop Series","2019-12-02T00:00:00+0100"
"2999","PTHB","Theros Beyond Death: Promos","2020-01-17T00:00:00+0100"
"2814","THB","Theros Beyond Death","2020-01-24T00:00:00+0100"
"2961","XTHB","Theros Beyond Death: Extras","2020-01-24T00:00:00+0100"
"2809","UND","Unsanctioned","2020-02-28T00:00:00+0100"
"2819","IKO","Ikoria: Lair of Behemoths","2020-05-15T00:00:00+0200"
"2911","C20","Commander: Ikoria","2020-05-15T00:00:00+0200"
"3113","XIKO","Ikoria: Lair of Behemoths: Extras","2020-05-15T00:00:00+0200"
"3118","PIKO","Ikoria: Lair of Behemoths: Promos","2020-05-15T00:00:00+0200"
"3068","SLU","Secret Lair: Ultimate Edition","2020-06-12T00:00:00+0200"
"3063","SS3","Signature Spellbook: Chandra","2020-06-26T00:00:00+0200"
"3048","M21","Core 2021","2020-07-03T00:00:00+0200"
"3309","XM21","Core 2021: Extras","2020-07-03T00:00:00+0200"
"3319","PM21","Core 2021: Promos","2020-07-03T00:00:00+0200"
"3204","2XM","Double Masters","2020-08-07T00:00:00+0200"
"3209","X2XM","Double Masters: Extras","2020-08-07T00:00:00+0200"
"3399","ZNC","Commander: Zendikar Rising","2020-09-25T00:00:00+0200"
"3404","ZNR","Zendikar Rising","2020-09-25T00:00:00+0200"
"3474","XZNR","Zendikar Rising: Extras","2020-09-25T00:00:00+0200"
"3489","ZNE","Zendikar Rising Expeditions","2020-09-25T00:00:00+0200"
"3494","ZNL","The List","2020-09-25T00:00:00+0200"
"3500","PZNR","Zendikar Rising: Promos","2020-09-25T00:00:00+0200"
"3053","JMP","Jumpstart","2020-10-16T00:00:00+0200"
"3454","CMR","Commander Legends","2020-11-20T00:00:00+0100"
"3459","XCMR","Commander Legends: Extras","2020-11-20T00:00:00+0100"
"3394","CC1","Commander Collection: Green","2020-12-04T00:00:00+0100"
